{"count":1,"self":58.974521599999996,"total":59.892585999999994,"children":{"InitializeActuators":{"count":1,"self":0.0015057999999999998,"total":0.0015057999999999998,"children":null},"InitializeSensors":{"count":1,"self":0.0020158,"total":0.0020158,"children":null},"AgentSendState":{"count":2616,"self":0.030580299999999998,"total":0.11415739999999999,"children":{"CollectObservations":{"count":872,"self":0.059212799999999996,"total":0.059212799999999996,"children":null},"WriteActionMask":{"count":872,"self":0.0024828,"total":0.0024828,"children":null},"RequestDecision":{"count":872,"self":0.021881499999999998,"total":0.021881499999999998,"children":null}}},"DecideAction":{"count":2616,"self":0.4693347,"total":0.4693347,"children":null},"AgentAct":{"count":2616,"self":0.32953669999999996,"total":0.32953669999999996,"children":null}},"gauges":{"RobotArm.CumulativeReward":{"count":5,"max":40.94771,"min":5.179879,"runningAverage":18.7282047,"value":37.079628,"weightedAverage":19.8751488}},"metadata":{"timer_format_version":"0.1.0","start_time_seconds":"1781567178","unity_version":"6000.0.47f1","command_line_arguments":"C:\\Program Files\\Unity\\Hub\\Editor\\6000.0.47f1\\Editor\\Unity.exe -projectpath E:\\RobotArm\\Unity_RobotArm -acceptSoftwareTermsForThisRunOnly -useHub -hubIPC -cloudEnvironment production","communication_protocol_version":"1.5.0","com.unity.ml-agents_version":"4.0.3","scene_name":"RL_PickPlace_Scene","end_time_seconds":"1781567238"}}